instancia,cirugias,t_constr_s,constr_n,constr_disp,t_ls_s,ls_n,ls_disp,t_grasp_s,grasp_n_mejor,grasp_disp_mejor,grasp_n_prom,t_lns_s,lns_n_mejor,lns_disp_mejor,lns_n_prom,opt_n,opt_disp,t_exacto_s,estado_solver,gap_%
instancia_01,18,0.014292716979980469,18,1,0.06678318977355957,18,0,0.07717409133911132,18,0,18.0,6.215495157241821,18,0,18.0,18,0,0.34549880027770996,kOptimal,0.0
instancia_02,20,0.017163515090942383,20,1,0.03748035430908203,20,0,0.057376670837402347,20,0,20.0,5.9940948486328125,20,0,20.0,20,0,0.3571128845214844,kOptimal,0.0
instancia_03,26,0.0023491382598876953,24,1,0.0031070709228515625,24,1,0.14408493041992188,24,0,24.0,0.3943608283996582,24,0,24.0,24,0,0.022295713424682617,kOptimal,0.0
instancia_04,28,0.0015168190002441406,17,1,0.010759592056274414,18,1,0.25604519844055174,18,1,18.0,1.363426113128662,18,1,18.0,18,1,0.018995046615600586,kOptimal,0.0
instancia_05,30,0.001924276351928711,21,1,0.009105920791625977,23,1,0.2513545036315918,23,0,23.0,0.7217010498046875,23,0,23.0,23,0,0.024150371551513672,kOptimal,0.0
instancia_06,30,0.0007565021514892578,14,0,0.0021631717681884766,14,0,0.05116019248962402,14,0,14.0,0.37255210876464845,14,0,14.0,14,0,0.012975692749023438,kOptimal,0.0
instancia_07,30,0.0006566047668457031,14,2,0.002638101577758789,14,2,0.0619715690612793,14,1,14.0,0.3589810848236084,14,1,14.0,14,1,0.012984514236450195,kOptimal,0.0
instancia_08,32,0.0004744529724121094,12,3,0.0012264251708984375,12,3,0.04531340599060059,12,3,12.0,0.31484050750732423,12,3,12.0,12,3,0.013469457626342773,kOptimal,0.0
instancia_09,30,0.0006432533264160156,15,1,0.0017015933990478516,15,1,0.05134906768798828,15,0,15.0,0.3672039031982422,15,0,15.0,15,0,0.0133514404296875,kOptimal,0.0
instancia_10,34,0.0013651847839355469,20,3,0.004725217819213867,20,2,0.15940279960632325,20,1,20.0,0.5583450317382812,20,1,20.0,20,1,0.015947341918945312,kOptimal,0.0
